-- f <- function(x) x
-- g <- function(x,y,z) {x+y+z}
-- h <- function(v,w) {v+1+w}
-- i <- function(x,y,...) {h(v=x,w=y) + h(...)}
-- j <- function(x,y,z) x + h(v=z,w=z)
-- trace.promises.sql({f(1); f(2); f(3); f(4); g(1+1,2+2,3+3); h(1,1); j(1,1,1); j(1,1,1); i(1,1,1,1)})
insert into promise_evaluations values ($next_id,0xf,0x55e9b8d19ae8,0);
insert into promise_evaluations values ($next_id,0xf,0x55e9b8d19c38,0);
insert into functions values (0x55e9b774f708,NULL,NULL);
insert into calls values (1,0x55e9b777a188,'{',NULL,1,0x55e9b774f708);
insert into functions values (0x55e9b8d14af8,'<console>',NULL);
insert into arguments select 2,'x',0,0x55e9b8d14af8;
insert into calls values (2,0x55e9b8d1ae38,'f','<console>',0,0x55e9b8d14af8);
insert into promises select 0x55e9b8d1aee0,2,2;
insert into promise_evaluations values ($next_id,0xf,0x55e9b8d1aee0,2);
insert into calls values (3,0x55e9b8d1ad20,'f','<console>',0,0x55e9b8d14af8);
insert into promises select 0x55e9b8d1adc8,3,2;
insert into promise_evaluations values ($next_id,0xf,0x55e9b8d1adc8,3);
insert into calls values (4,0x55e9b8d1bb70,'f','<console>',0,0x55e9b8d14af8);
insert into promises select 0x55e9b8d1acb0,4,2;
insert into promise_evaluations values ($next_id,0xf,0x55e9b8d1acb0,4);
insert into calls values (5,0x55e9b8d1ba58,'f','<console>',0,0x55e9b8d14af8);
insert into promises select 0x55e9b8d1bb00,5,2;
insert into promise_evaluations values ($next_id,0xf,0x55e9b8d1bb00,5);
insert into functions values (0x55e9b8d15168,'<console>',NULL);
insert into arguments select 3,'x',0,0x55e9b8d15168 union all select 4,'y',1,0x55e9b8d15168 union all select 5,'z',2,0x55e9b8d15168;
insert into calls values (6,0x55e9b8d1b7f0,'g','<console>',0,0x55e9b8d15168);
insert into promises select 0x55e9b8d1b9e8,6,3 union all select 0x55e9b8d1b978,6,4 union all select 0x55e9b8d1b908,6,5;
insert into calls values (7,0x55e9b8d1b7f0,'{',NULL,1,0x55e9b774f708);
insert into functions values (0x55e9b77524e0,NULL,NULL);
insert into calls values (8,0x55e9b8d1b7f0,'+',NULL,1,0x55e9b77524e0);
insert into calls values (9,0x55e9b8d1b7f0,'+',NULL,1,0x55e9b77524e0);
insert into promise_evaluations values ($next_id,0xf,0x55e9b8d1b9e8,6);
insert into calls values (10,0x55e9b777a188,'+',NULL,1,0x55e9b77524e0);
insert into promise_evaluations values ($next_id,0xf,0x55e9b8d1b978,6);
insert into calls values (11,0x55e9b777a188,'+',NULL,1,0x55e9b77524e0);
insert into promise_evaluations values ($next_id,0xf,0x55e9b8d1b908,6);
insert into calls values (12,0x55e9b777a188,'+',NULL,1,0x55e9b77524e0);
insert into functions values (0x55e9b8d15810,'<console>',NULL);
insert into arguments select 6,'v',0,0x55e9b8d15810 union all select 7,'w',1,0x55e9b8d15810;
insert into calls values (13,0x55e9b8d1c2f8,'h','<console>',0,0x55e9b8d15810);
insert into promises select 0x55e9b8d1b4e0,13,6 union all select 0x55e9b8d1b470,13,7;
insert into calls values (14,0x55e9b8d1c2f8,'{',NULL,1,0x55e9b774f708);
insert into calls values (15,0x55e9b8d1c2f8,'+',NULL,1,0x55e9b77524e0);
insert into calls values (16,0x55e9b8d1c2f8,'+',NULL,1,0x55e9b77524e0);
insert into promise_evaluations values ($next_id,0xf,0x55e9b8d1b4e0,13);
insert into promise_evaluations values ($next_id,0xf,0x55e9b8d1b470,13);
insert into functions values (0x55e9b8d16480,'<console>',NULL);
insert into arguments select 8,'x',0,0x55e9b8d16480 union all select 9,'y',1,0x55e9b8d16480 union all select 10,'z',2,0x55e9b8d16480;
insert into calls values (17,0x55e9b8d1bf78,'j','<console>',0,0x55e9b8d16480);
insert into promises select 0x55e9b8d1c170,17,8 union all select 0x55e9b8d1c100,17,9 union all select 0x55e9b8d1c090,17,10;
insert into calls values (18,0x55e9b8d1bf78,'+',NULL,1,0x55e9b77524e0);
insert into promise_evaluations values ($next_id,0xf,0x55e9b8d1c170,17);
insert into calls values (19,0x55e9b8d1bd80,'h','<console>',0,0x55e9b8d15810);
insert into promises select 0x55e9b8d1bed0,19,6 union all select 0x55e9b8d1be60,19,7;
insert into calls values (20,0x55e9b8d1bd80,'{',NULL,1,0x55e9b774f708);
insert into calls values (21,0x55e9b8d1bd80,'+',NULL,1,0x55e9b77524e0);
insert into calls values (22,0x55e9b8d1bd80,'+',NULL,1,0x55e9b77524e0);
insert into promise_evaluations values ($next_id,0xf,0x55e9b8d1bed0,19);
insert into promise_evaluations values ($next_id,0xf,0x55e9b8d1c090,17);
insert into promise_evaluations values ($next_id,0xf,0x55e9b8d1be60,19);
insert into promise_evaluations values ($next_id,0x0,0x55e9b8d1c090,17);
insert into calls values (23,0x55e9b8d1c968,'j','<console>',0,0x55e9b8d16480);
insert into promises select 0x55e9b8d1bbf8,23,8 union all select 0x55e9b8d1caf0,23,9 union all select 0x55e9b8d1ca80,23,10;
insert into calls values (24,0x55e9b8d1c968,'+',NULL,1,0x55e9b77524e0);
insert into promise_evaluations values ($next_id,0xf,0x55e9b8d1bbf8,23);
insert into calls values (25,0x55e9b8d1c770,'h','<console>',0,0x55e9b8d15810);
insert into promises select 0x55e9b8d1c8c0,25,6 union all select 0x55e9b8d1c850,25,7;
insert into calls values (26,0x55e9b8d1c770,'{',NULL,1,0x55e9b774f708);
insert into calls values (27,0x55e9b8d1c770,'+',NULL,1,0x55e9b77524e0);
insert into calls values (28,0x55e9b8d1c770,'+',NULL,1,0x55e9b77524e0);
insert into promise_evaluations values ($next_id,0xf,0x55e9b8d1c8c0,25);
insert into promise_evaluations values ($next_id,0xf,0x55e9b8d1ca80,23);
insert into promise_evaluations values ($next_id,0xf,0x55e9b8d1c850,25);
insert into promise_evaluations values ($next_id,0x0,0x55e9b8d1ca80,23);
insert into functions values (0x55e9b8d15c50,'<console>',NULL);
insert into arguments select 11,'x',0,0x55e9b8d15c50 union all select 12,'y',1,0x55e9b8d15c50 union all select 13,'...',2,0x55e9b8d15c50;
insert into calls values (29,0x55e9b8d1d240,'i','<console>',0,0x55e9b8d15c50);
insert into promises select 0x55e9b8d1c5b0,29,11 union all select 0x55e9b8d1c540,29,12 union all select 0x55e9b8d1c4d0,29,13 union all select 0x55e9b8d1c460,29,13;
insert into calls values (30,0x55e9b8d1d240,'{',NULL,1,0x55e9b774f708);
insert into calls values (31,0x55e9b8d1d240,'+',NULL,1,0x55e9b77524e0);
insert into calls values (32,0x55e9b8d1d080,'h','<console>',0,0x55e9b8d15810);
insert into promises select 0x55e9b8d1d1d0,32,6 union all select 0x55e9b8d1d160,32,7;
insert into calls values (33,0x55e9b8d1d080,'{',NULL,1,0x55e9b774f708);
insert into calls values (34,0x55e9b8d1d080,'+',NULL,1,0x55e9b77524e0);
insert into calls values (35,0x55e9b8d1d080,'+',NULL,1,0x55e9b77524e0);
insert into promise_evaluations values ($next_id,0xf,0x55e9b8d1d1d0,32);
insert into promise_evaluations values ($next_id,0xf,0x55e9b8d1c5b0,29);
insert into promise_evaluations values ($next_id,0xf,0x55e9b8d1d160,32);
insert into promise_evaluations values ($next_id,0xf,0x55e9b8d1c540,29);
insert into calls values (36,0x55e9b8d1cda8,'h','<console>',0,0x55e9b8d15810);
insert into promises select 0x55e9b8d1cef8,36,6 union all select 0x55e9b8d1ce88,36,7;
insert into calls values (37,0x55e9b8d1cda8,'{',NULL,1,0x55e9b774f708);
insert into calls values (38,0x55e9b8d1cda8,'+',NULL,1,0x55e9b77524e0);
insert into calls values (39,0x55e9b8d1cda8,'+',NULL,1,0x55e9b77524e0);
insert into promise_evaluations values ($next_id,0xf,0x55e9b8d1cef8,36);
insert into promise_evaluations values ($next_id,0xf,0x55e9b8d1c4d0,29);
insert into promise_evaluations values ($next_id,0xf,0x55e9b8d1ce88,36);
insert into promise_evaluations values ($next_id,0xf,0x55e9b8d1c460,29);
