-- f <- function(x) x
-- g <- function(x,y,z) {x+y+z}
-- h <- function(v,w) {v+1+w}
-- i <- function(x,y,...) {h(v=x,w=y) + h(...)}
-- j <- function(x,y,z) x + h(v=z,w=z)
-- trace.promises.sql({
--      f(1);
--      f(2);
--      f(3);
--      f(4);
--      g(1+1,2+2,3+3);
--      h(1,1);
--      j(1,1,1);
--      j(1,1,1);
--      i(1,1,1,1)
-- })
insert into promise_evaluations values ($next_id,0xf,0x55aed597ce98,0);
insert into promise_evaluations values ($next_id,0xf,0x55aed597a978,0);
insert into functions values (0x55aed43b4198,NULL,NULL);
insert into calls values (1,0x55aed43dec18,'{',NULL,1,0x55aed43b4198);
insert into functions values (0x55aed4f74b28,'examples/ex.r:1',NULL);
insert into arguments select 1,'x',0,0x55aed4f74b28;
insert into calls values (2,0x55aed597e1b0,'f','examples/ex.r:1',0,0x55aed4f74b28);
insert into promises select 0x55aed597e258,2,1;
insert into promise_evaluations values ($next_id,0xf,0x55aed597e258,2);
insert into calls values (3,0x55aed597e098,'f','examples/ex.r:1',0,0x55aed4f74b28);
insert into promises select 0x55aed597e140,3,3;
insert into promise_evaluations values ($next_id,0xf,0x55aed597e140,3);
insert into calls values (4,0x55aed597df80,'f','examples/ex.r:1',0,0x55aed4f74b28);
insert into promises select 0x55aed597e028,4,5;
insert into promise_evaluations values ($next_id,0xf,0x55aed597e028,4);
insert into calls values (5,0x55aed597de68,'f','examples/ex.r:1',0,0x55aed4f74b28);
insert into promises select 0x55aed597df10,5,7;
insert into promise_evaluations values ($next_id,0xf,0x55aed597df10,5);
insert into functions values (0x55aed596bab8,'<console>',NULL);
insert into arguments select 9,'x',0,0x55aed596bab8 union all select 10,'y',1,0x55aed596bab8 union all select 11,'z',2,0x55aed596bab8;
insert into calls values (6,0x55aed597eb30,'g','<console>',0,0x55aed596bab8);
insert into promises select 0x55aed597ed28,6,9 union all select 0x55aed597ecb8,6,10 union all select 0x55aed597ec48,6,11;
insert into calls values (7,0x55aed597eb30,'{',NULL,1,0x55aed43b4198);
insert into functions values (0x55aed43b6f70,NULL,NULL);
insert into calls values (8,0x55aed597eb30,'+',NULL,1,0x55aed43b6f70);
insert into calls values (9,0x55aed597eb30,'+',NULL,1,0x55aed43b6f70);
insert into promise_evaluations values ($next_id,0xf,0x55aed597ed28,6);
insert into calls values (10,0x55aed43dec18,'+',NULL,1,0x55aed43b6f70);
insert into promise_evaluations values ($next_id,0xf,0x55aed597ecb8,6);
insert into calls values (11,0x55aed43dec18,'+',NULL,1,0x55aed43b6f70);
insert into promise_evaluations values ($next_id,0xf,0x55aed597ec48,6);
insert into calls values (12,0x55aed43dec18,'+',NULL,1,0x55aed43b6f70);
insert into functions values (0x55aed59709a0,'<console>',NULL);
insert into arguments select 15,'v',0,0x55aed59709a0 union all select 16,'w',1,0x55aed59709a0;
insert into calls values (13,0x55aed597e740,'h','<console>',0,0x55aed59709a0);
insert into promises select 0x55aed597e890,13,15 union all select 0x55aed597e820,13,16;
insert into calls values (14,0x55aed597e740,'{',NULL,1,0x55aed43b4198);
insert into calls values (15,0x55aed597e740,'+',NULL,1,0x55aed43b6f70);
insert into calls values (16,0x55aed597e740,'+',NULL,1,0x55aed43b6f70);
insert into promise_evaluations values ($next_id,0xf,0x55aed597e890,13);
insert into promise_evaluations values ($next_id,0xf,0x55aed597e820,13);
insert into functions values (0x55aed59773d8,'<console>',NULL);
insert into arguments select 19,'x',0,0x55aed59773d8 union all select 20,'y',1,0x55aed59773d8 union all select 21,'z',2,0x55aed59773d8;
insert into calls values (17,0x55aed597f360,'j','<console>',0,0x55aed59773d8);
insert into promises select 0x55aed597f558,17,19 union all select 0x55aed597f4e8,17,20 union all select 0x55aed597f478,17,21;
insert into calls values (18,0x55aed597f360,'+',NULL,1,0x55aed43b6f70);
insert into promise_evaluations values ($next_id,0xf,0x55aed597f558,17);
insert into calls values (19,0x55aed597f168,'h','<console>',0,0x55aed59709a0);
insert into promises select 0x55aed597f2b8,19,22 union all select 0x55aed597f248,19,23;
insert into calls values (20,0x55aed597f168,'{',NULL,1,0x55aed43b4198);
insert into calls values (21,0x55aed597f168,'+',NULL,1,0x55aed43b6f70);
insert into calls values (22,0x55aed597f168,'+',NULL,1,0x55aed43b6f70);
insert into promise_evaluations values ($next_id,0xf,0x55aed597f2b8,19);
insert into promise_evaluations values ($next_id,0xf,0x55aed597f478,17);
insert into promise_evaluations values ($next_id,0xf,0x55aed597f248,19);
insert into promise_evaluations values ($next_id,0x0,0x55aed597f478,17);
insert into calls values (23,0x55aed597ede8,'j','<console>',0,0x55aed59773d8);
insert into promises select 0x55aed597efe0,23,29 union all select 0x55aed597ef70,23,30 union all select 0x55aed597ef00,23,31;
insert into calls values (24,0x55aed597ede8,'+',NULL,1,0x55aed43b6f70);
insert into promise_evaluations values ($next_id,0xf,0x55aed597efe0,23);
insert into calls values (25,0x55aed597fb58,'h','<console>',0,0x55aed59709a0);
insert into promises select 0x55aed597fca8,25,32 union all select 0x55aed597fc38,25,33;
insert into calls values (26,0x55aed597fb58,'{',NULL,1,0x55aed43b4198);
insert into calls values (27,0x55aed597fb58,'+',NULL,1,0x55aed43b6f70);
insert into calls values (28,0x55aed597fb58,'+',NULL,1,0x55aed43b6f70);
insert into promise_evaluations values ($next_id,0xf,0x55aed597fca8,25);
insert into promise_evaluations values ($next_id,0xf,0x55aed597ef00,23);
insert into promise_evaluations values ($next_id,0xf,0x55aed597fc38,25);
insert into promise_evaluations values ($next_id,0x0,0x55aed597ef00,23);
insert into functions values (0x55aed5974a40,'<console>',NULL);
insert into arguments select 39,'x',0,0x55aed5974a40 union all select 40,'y',1,0x55aed5974a40 union all select 41,'...',2,0x55aed5974a40;
insert into calls values (29,0x55aed597f6f8,'i','<console>',0,0x55aed5974a40);
insert into promises select 0x55aed597f9d0,29,39 union all select 0x55aed597f960,29,40 union all select 0x55aed597f8f0,29,41 union all select 0x55aed597f880,29,41;
insert into calls values (30,0x55aed597f6f8,'{',NULL,1,0x55aed43b4198);
insert into calls values (31,0x55aed597f6f8,'+',NULL,1,0x55aed43b6f70);
insert into calls values (32,0x55aed59804a0,'h','<console>',0,0x55aed59709a0);
insert into promises select 0x55aed597f688,32,42 union all select 0x55aed597f618,32,43;
insert into calls values (33,0x55aed59804a0,'{',NULL,1,0x55aed43b4198);
insert into calls values (34,0x55aed59804a0,'+',NULL,1,0x55aed43b6f70);
insert into calls values (35,0x55aed59804a0,'+',NULL,1,0x55aed43b6f70);
insert into promise_evaluations values ($next_id,0xf,0x55aed597f688,32);
insert into promise_evaluations values ($next_id,0xf,0x55aed597f9d0,29);
insert into promise_evaluations values ($next_id,0xf,0x55aed597f618,32);
insert into promise_evaluations values ($next_id,0xf,0x55aed597f960,29);
insert into calls values (36,0x55aed59801c8,'h','<console>',0,0x55aed59709a0);
insert into promises select 0x55aed5980318,36,46 union all select 0x55aed59802a8,36,47;
insert into calls values (37,0x55aed59801c8,'{',NULL,1,0x55aed43b4198);
insert into calls values (38,0x55aed59801c8,'+',NULL,1,0x55aed43b6f70);
insert into calls values (39,0x55aed59801c8,'+',NULL,1,0x55aed43b6f70);
insert into promise_evaluations values ($next_id,0xf,0x55aed5980318,36);
insert into promise_evaluations values ($next_id,0xf,0x55aed597f8f0,29);
insert into promise_evaluations values ($next_id,0xf,0x55aed59802a8,36);
insert into promise_evaluations values ($next_id,0xf,0x55aed597f880,29);
